72,67,6,70,16,5,46,3,38,#
89,73,29,43,91,84,51,23,27,#
13,69,74,8,83,77,7,28,57,#
40,19,95,94,86,46,78,51,46,#
78,6,75,69,81,11,7,78,90,#
56,35,85,35,80,66,86,57,82,#
16,30,100,35,32,90,7,46,12,#
95,6,6,71,50,92,92,100,69,#
58,49,41,99,43,14,96,75,43,#
96,11,57,97,72,29,29,96,10,#
39,62,44,4,66,85,14,50,20,#
45,17,44,66,47,34,76,61,61,#
53,69,96,39,64,29,10,4,44,#
21,15,4,90,17,44,8,91,29,#
24,11,76,63,92,43,14,36,97,#
14,50,1,16,73,6,14,99,60,#
40,83,59,47,2,31,65,36,17,#
89,58,44,81,11,8,64,21,41,#
77,26,68,34,5,62,99,69,85,#
47,99,36,12,51,33,56,76,94,#
31,40,71,58,100,9,82,31,58,#
65,62,14,86,65,32,43,38,57,#
82,11,80,74,32,83,62,86,57,#
100,39,14,86,55,73,1,83,32,#
90,33,82,19,62,4,58,29,68,#
98,5,46,84,43,68,94,44,80,#
28,39,4,14,47,35,14,47,61,#
89,48,55,77,47,76,27,71,92,#
3,76,12,61,66,2,23,88,1,#
53,60,52,49,83,77,14,52,50,#
40,19,93,13,91,91,22,46,97,#
90,24,27,19,98,65,37,44,41,#
64,99,89,80,38,69,72,40,46,#
90,78,9,28,96,33,1,62,79,#
36,26,85,49,69,90,59,74,25,#
81,51,64,38,98,15,68,41,10,#
18,93,34,63,91,21,43,98,79,#
67,91,92,99,65,23,77,90,56,#
2,50,42,94,27,19,30,61,91,#
50,99,38,12,66,63,95,37,28,#
61,2,54,84,92,21,67,4,28,#
20,97,100,15,91,56,8,82,86,#
87,44,22,16,25,53,3,21,35,#
81,32,9,2,79,37,7,26,25,#
41,72,58,78,4,92,76,1,86,#
83,61,93,27,74,17,88,72,24,#
84,40,98,71,46,80,78,87,13,#
75,63,97,70,78,40,77,32,84,#
13,44,90,75,22,16,86,79,17,#
42,25,45,83,58,51,39,20,39,#
82,53,48,85,28,15,64,53,35,#
92,98,68,1,84,49,42,35,36,#
66,84,37,14,17,83,81,10,40,#
89,92,94,74,14,2,65,54,38,#
86,14,69,72,68,38,62,1,5,#
5,70,13,42,49,41,57,61,87,#
87,7,35,69,47,63,33,27,22,#
53,43,18,60,53,6,75,31,60,#
73,81,36,74,52,33,44,98,97,#
43,54,12,46,82,25,98,25,34,#
51,23,25,18,61,46,49,90,58,#
13,50,94,40,40,22,81,60,45,#
93,72,59,53,76,67,31,77,5,#
78,98,95,26,76,48,91,52,7,#
29,66,32,24,18,65,12,100,63,#
65,97,94,31,18,100,99,75,15,#
48,64,25,100,12,85,19,6,95,#
3,79,45,49,27,18,81,51,28,#
41,3,86,36,84,99,42,68,34,#
68,18,50,88,48,93,83,71,93,#
88,88,82,27,30,85,33,73,86,#
43,74,61,1,48,30,48,68,26,#
97,57,69,64,45,75,27,29,55,#
38,15,29,5,50,28,12,94,57,#
95,74,31,46,12,65,48,51,39,#
24,80,92,61,17,92,12,48,87,#
7,7,48,14,51,24,79,13,11,#
73,5,57,69,9,75,49,72,62,#
82,96,40,66,75,1,24,71,41,#
53,57,7,92,31,12,53,67,30,#
15,69,61,44,72,80,40,77,25,#
16,21,68,6,60,50,77,63,98,#
19,8,20,70,96,78,87,15,57,#
53,17,34,28,32,40,63,51,46,#
83,93,39,22,73,47,15,70,22,#
93,76,79,14,25,72,3,75,64,#
44,88,64,79,49,95,79,90,11,#
41,73,59,65,10,25,54,65,65,#
13,69,58,77,65,12,58,92,92,#
35,7,3,87,75,62,25,91,79,#
54,27,33,21,80,95,99,28,16,#
12,3,92,29,91,52,31,24,42,#
83,86,72,41,86,56,74,28,47,#
41,87,93,21,45,92,99,66,94,#
90,28,61,4,99,81,18,70,40,#
25,48,8,94,94,20,49,91,32,#
15,43,12,54,36,53,4,20,92,#
79,92,60,10,80,81,4,10,82,#
16,1,97,3,19,67,81,76,83,#
19,81,4,61,45,85,13,27,16,#
42,66,60,44,50,65,84,30,2,#
59,81,81,7,22,63,32,50,5,#
24,96,67,23,51,51,73,48,61,#
97,76,68,12,17,66,82,94,92,#
66,78,8,23,2,43,55,66,19,#
85,82,71,36,10,96,11,83,36,#
1,70,100,62,23,57,26,76,69,#
33,80,49,21,51,44,66,89,63,#
4,28,14,14,24,91,59,21,69,#
37,42,85,26,93,35,53,47,32,#
55,54,14,64,63,39,44,94,81,#
90,11,11,4,61,68,65,26,66,#
81,46,15,66,24,64,62,36,76,#
57,33,93,33,10,33,76,49,82,#
49,36,50,95,43,44,48,66,93,#
58,54,62,93,85,44,76,76,39,#
13,94,70,10,52,56,26,19,25,#
52,72,2,41,22,31,34,78,94,#
93,54,38,71,45,41,96,21,93,#
62,36,33,11,72,46,40,91,63,#
93,5,14,80,20,26,93,45,92,#
14,25,63,61,41,84,94,71,54,#
99,90,43,77,20,8,76,85,37,#
76,28,22,24,54,43,6,39,86,#
90,93,61,82,52,62,57,23,43,#
48,37,56,94,33,87,47,42,36,#
96,55,39,1,11,83,43,10,34,#
87,5,69,39,20,25,88,5,81,#
57,29,63,31,47,85,86,87,34,#
58,88,93,84,8,23,51,26,97,#
59,80,70,17,14,77,33,43,63,#
75,55,39,53,43,1,20,5,93,#
72,71,4,38,35,91,1,36,89,#
25,74,27,32,95,50,75,91,1,#
83,53,40,57,95,3,83,16,7,#
39,33,69,10,31,85,2,20,24,#
63,97,83,62,76,90,10,85,87,#
72,65,82,21,31,62,84,70,75,#
90,25,29,51,42,23,24,14,31,#
61,59,78,5,79,17,60,39,77,#
81,89,61,49,67,92,63,17,43,#
45,5,76,54,62,98,24,83,33,#
44,11,15,50,7,34,36,87,88,#
61,79,25,48,14,86,24,60,10,#
90,17,64,53,28,13,63,93,3,#
2,57,85,20,99,74,100,93,59,#
36,43,63,46,12,32,15,67,80,#
9,82,84,96,2,10,30,49,98,#
52,50,65,30,51,7,49,40,72,#
77,59,55,54,44,98,25,13,85,#
79,95,45,30,45,83,50,38,43,#
51,17,31,55,85,73,23,76,88,#
7,82,14,21,10,54,95,43,7,#
32,73,44,12,83,67,91,70,2,#
7,47,21,29,13,39,37,12,28,#
93,36,11,62,55,89,40,26,1,#
50,42,59,95,55,65,2,13,34,#
62,45,35,54,75,87,20,39,39,#
11,60,74,77,11,51,92,22,69,#
13,75,61,51,44,16,49,90,30,#
64,89,52,34,23,16,34,2,89,#
45,98,80,2,49,65,64,96,37,#
91,64,70,25,24,80,33,15,39,#
88,100,83,42,25,54,9,32,71,#
15,100,25,55,60,60,59,37,13,#
80,79,65,36,10,6,17,2,47,#
49,17,69,99,15,98,2,10,68,#
59,3,30,99,83,65,77,5,17,#
64,97,51,88,67,28,91,56,71,#
87,83,15,91,21,77,1,66,19,#
50,15,89,92,37,78,23,79,12,#
21,89,15,55,45,92,20,4,41,#
18,12,61,89,89,64,39,50,70,#
43,20,56,94,71,53,53,33,52,#
11,2,69,1,59,20,62,42,50,#
89,43,79,51,72,57,53,79,41,#
43,76,63,85,36,47,41,67,29,#
33,63,44,75,8,65,88,30,23,#
38,98,37,89,78,95,92,4,100,#
37,45,69,38,43,70,40,57,51,#
79,52,82,45,32,74,81,3,60,#
14,100,14,70,39,57,100,100,47,#
99,78,66,71,25,17,66,3,100,#
26,3,81,3,18,84,14,2,78,#
60,49,73,26,72,81,47,17,65,#
84,57,5,58,20,18,65,44,93,#
15,43,37,32,50,37,84,70,10,#
60,80,48,39,78,36,80,99,36,#
67,70,64,58,90,18,95,27,14,#
78,3,71,41,73,31,7,89,21,#
54,13,11,64,26,78,43,83,82,#
1,88,40,33,2,3,72,15,72,#
78,61,30,30,13,79,31,27,31,#
78,60,36,50,5,75,64,89,54,#
53,37,96,87,69,91,93,4,42,#
32,49,13,69,56,76,17,36,95,#
99,21,40,81,23,91,44,38,75,#
74,61,89,25,90,84,34,29,11,#
45,15,82,66,6,62,55,18,6,#
97,36,1,63,96,26,51,1,4,#
70,82,24,14,63,30,35,56,61,#
34,28,10,60,34,48,52,68,42,#
26,86,89,73,72,100,53,63,31,#
60,22,52,85,41,38,68,59,60,#
74,16,8,49,63,7,30,90,76,#
14,92,22,10,85,46,21,75,85,#
84,38,79,53,29,95,23,83,52,#
48,18,65,85,52,63,44,7,83,#
64,62,92,29,16,22,43,64,37,#
43,24,32,57,35,27,44,83,2,#
11,52,77,1,42,61,33,71,87,#
26,58,22,100,75,91,31,57,68,#
12,14,59,2,41,89,47,48,2,#
64,46,90,97,69,13,70,20,57,#
49,57,83,66,74,30,22,31,61,#
40,20,24,40,85,23,32,55,39,#
62,48,79,95,68,69,36,38,53,#
63,28,48,1,94,92,85,83,86,#
42,47,70,10,2,18,7,94,48,#
89,78,62,92,33,10,42,34,56,#
50,79,44,11,44,37,74,50,76,#
49,3,24,11,12,59,44,8,17,#
72,50,3,29,12,53,33,6,99,#
70,49,84,37,12,98,26,54,19,#
62,42,48,61,16,24,80,44,14,#
47,39,91,46,75,7,45,58,78,#
64,70,80,32,41,37,90,75,89,#
33,58,91,79,3,2,56,98,66,#
89,55,51,92,99,61,73,23,50,#
91,53,41,13,27,76,20,33,33,#
45,18,68,90,74,66,98,74,49,#
98,95,67,86,65,7,57,25,18,#
8,1,10,18,53,77,71,88,91,#
61,85,74,70,71,68,82,98,7,#
18,2,89,83,57,83,76,80,90,#
55,84,79,22,54,92,22,90,36,#
61,97,71,10,47,55,43,67,40,#
38,15,1,27,12,79,30,18,85,#
14,94,40,30,22,55,5,28,82,#
27,44,5,95,45,83,61,37,94,#
67,27,98,78,44,82,96,12,44,#
69,52,5,41,11,21,96,80,50,#
23,74,46,35,57,85,68,77,59,#
70,77,88,95,97,46,30,47,24,#
26,33,2,49,51,87,42,50,57,#
46,66,82,89,24,60,32,62,12,#
80,32,2,43,58,56,57,45,2,#
62,86,9,14,78,37,71,51,98,#
96,81,53,1,80,23,16,26,39,#
56,69,88,22,72,56,74,75,56,#
62,87,55,5,91,70,80,3,89,#
19,8,60,42,54,50,98,90,34,#
96,52,72,20,58,39,89,11,71,#
74,69,94,42,73,90,96,98,73,#
49,98,96,60,20,11,25,59,47,#
37,95,28,47,25,29,7,84,61,#
51,97,14,19,16,93,99,10,86,#
55,2,85,10,18,13,59,98,25,#
32,37,21,98,16,52,90,93,94,#
92,70,8,49,56,68,17,66,22,#
48,86,22,56,62,24,92,12,35,#
93,41,7,22,60,60,32,42,50,#
59,1,52,38,91,52,80,76,61,#
74,46,10,76,100,13,4,15,27,#
51,8,67,70,70,98,95,9,23,#
52,7,27,99,28,42,99,100,34,#
10,43,11,49,36,18,19,79,63,#
59,60,32,26,40,63,86,6,21,#
66,6,32,27,8,100,71,33,45,#
54,54,64,23,87,40,63,13,57,#
35,36,70,90,68,56,80,69,88,#
11,10,93,89,44,94,37,90,44,#
55,73,44,79,41,73,44,27,22,#
98,43,16,13,34,65,21,5,47,#
21,22,31,90,85,57,79,40,25,#
66,98,17,74,14,95,56,59,23,#
69,79,41,83,28,22,68,64,77,#
14,79,66,27,55,57,89,21,43,#
94,11,7,94,90,98,80,43,19,#
55,18,12,9,46,63,24,69,15,#
53,19,21,38,88,42,98,63,79,#
81,23,60,7,88,22,32,3,13,#
33,94,78,81,40,18,55,6,36,#
92,49,77,86,46,70,50,80,50,#
55,20,30,91,61,44,32,35,65,#
16,17,11,96,48,27,40,92,82,#
31,9,61,7,48,51,1,78,3,#
65,21,64,71,69,27,29,88,40,#
22,58,88,20,79,46,84,74,66,#
6,92,74,24,12,29,30,51,20,#
78,53,3,36,56,7,75,49,65,#
85,80,60,39,48,42,5,6,37,#
5,78,95,8,49,50,22,16,84,#
42,56,81,93,50,65,33,5,16,#
68,1,19,57,55,71,74,57,45,#
49,1,83,48,40,63,97,15,75,#
83,8,79,86,7,60,74,51,57,#
91,58,3,93,96,44,77,11,4,#
74,51,26,13,76,38,2,73,94,#
26,87,75,15,1,57,56,74,31,#
22,96,10,9,70,18,45,47,24,#
17,24,92,81,7,85,45,7,22,#
89,36,46,70,93,63,20,84,70,#
68,84,59,64,66,100,24,64,54,#
49,70,47,42,49,21,17,66,97,#
19,28,91,39,57,54,48,28,24,#
26,13,58,23,22,15,73,9,20,#
9,40,89,25,43,93,20,45,49,#
6,56,55,11,89,85,79,88,84,#
80,2,21,15,57,78,56,95,66,#
79,30,51,34,81,25,34,16,76,#
51,47,10,77,6,81,97,36,40,#
71,4,19,36,53,13,91,64,24,#
92,43,59,35,22,86,75,88,23,#
36,15,40,62,30,72,28,96,89,#
30,94,91,21,50,87,35,45,44,#
78,40,73,29,78,26,13,84,52,#
80,33,95,23,89,40,81,77,43,#
39,63,74,77,2,85,81,99,95,#
39,13,74,20,31,75,5,2,66,#
93,21,51,95,11,14,35,90,7,#
5,9,61,75,35,82,41,4,75,#
67,7,25,59,30,73,31,53,38,#
62,51,66,16,47,71,7,92,61,#
8,75,58,80,48,82,72,54,74,#
59,60,14,67,15,32,61,73,86,#
23,30,47,66,98,3,39,48,85,#
59,69,87,52,48,89,81,38,8,#
11,64,39,72,46,14,38,14,56,#
39,58,3,37,58,78,51,69,45,#
5,50,73,74,39,71,94,99,76,#
97,17,30,46,83,65,89,51,34,#
1,9,1,48,66,92,60,83,41,#
86,80,81,70,60,82,34,1,65,#
20,51,20,63,31,61,64,28,25,#
87,1,42,77,35,39,53,34,43,#
60,49,42,66,87,82,9,51,66,#
59,60,81,82,29,84,71,30,67,#
85,29,68,59,59,11,56,32,63,#
66,29,5,52,68,54,41,59,55,#
98,19,18,98,47,4,63,94,22,#
79,38,40,91,41,94,77,57,23,#
50,53,29,92,13,17,28,99,93,#
15,34,48,57,66,48,26,18,67,#
60,58,55,93,96,1,81,90,11,#
3,34,57,47,56,96,57,25,53,#
89,15,39,12,26,94,66,87,22,#
79,35,41,83,70,53,39,83,23,#
54,66,99,21,98,33,47,45,35,#
22,11,19,7,98,98,3,45,4,#
95,34,92,60,22,1,100,19,62,#
63,35,47,98,85,98,75,75,75,#
12,76,74,32,86,96,4,87,87,#
15,23,88,2,6,12,55,31,75,#
38,50,4,94,38,9,17,83,57,#
37,49,24,74,95,93,99,7,98,#
55,29,83,7,16,87,31,47,20,#
100,32,68,85,75,86,36,29,90,#
86,97,60,60,82,50,30,35,46,#
18,48,17,19,1,34,67,30,45,#
68,97,8,4,96,96,11,76,88,#
79,95,57,53,45,38,75,96,63,#
44,13,56,47,89,89,41,79,63,#
46,85,39,11,76,92,83,31,83,#
16,31,13,19,96,13,52,7,33,#
85,78,60,85,66,7,4,66,50,#
5,98,60,4,56,85,31,11,86,#
37,18,47,20,65,91,50,62,25,#
17,26,13,75,81,16,22,59,82,#
11,82,81,28,26,10,5,15,17,#
11,10,66,38,38,61,1,8,3,#
81,96,28,33,85,52,24,31,47,#
71,81,43,1,4,23,40,95,24,#
47,49,23,26,8,67,7,56,30,#
83,72,57,60,68,32,6,31,75,#
66,88,96,48,100,75,59,96,72,#
21,85,88,39,43,99,72,77,34,#
52,77,67,90,14,39,34,51,9,#
91,81,7,49,10,23,14,84,35,#
84,49,35,5,35,83,19,53,9,#
72,82,53,72,62,88,83,80,3,#
3,37,84,35,72,34,70,10,76,#
49,82,29,64,38,98,76,43,64,#
41,50,69,31,87,50,28,11,17,#
10,52,75,62,2,34,63,91,95,#
54,66,58,79,38,33,18,53,65,#
86,96,78,86,27,45,93,76,38,#
80,55,28,95,96,24,79,22,65,#
61,79,28,70,25,15,27,74,50,#
31,91,23,54,95,23,25,79,81,#
13,92,78,36,56,95,34,78,35,#
58,93,84,36,55,16,54,50,98,#
72,100,59,85,49,86,92,10,20,#
64,24,58,1,46,12,91,61,85,#
30,54,11,41,9,46,19,61,14,#
55,56,23,21,10,36,52,42,86,#
3,56,26,63,21,49,3,5,61,#
24,67,82,24,99,5,59,10,37,#
59,76,79,13,91,80,57,25,12,#
61,46,71,68,5,46,19,93,14,#
65,88,93,25,3,86,15,43,77,#
36,18,97,93,12,50,98,80,56,#
53,97,78,78,34,35,32,62,10,#
4,69,15,33,74,16,18,78,34,#
30,41,13,11,49,72,4,19,81,#
7,20,86,77,81,43,95,47,14,#
15,57,23,9,62,100,9,75,20,#
99,54,26,49,36,87,67,51,97,#
15,52,39,15,3,19,54,1,33,#
47,81,98,70,62,94,54,11,52,#
55,59,24,52,85,99,51,71,29,#
84,42,66,86,3,76,66,72,68,#
100,90,2,11,85,38,75,81,43,#
98,42,57,32,93,42,59,49,46,#
50,1,19,99,28,82,27,12,54,#
22,21,82,98,39,32,83,27,83,#
95,87,39,24,2,11,60,15,50,#
41,75,70,72,12,48,32,18,41,#
55,80,73,92,63,46,18,57,19,#
93,93,20,45,13,59,35,78,81,#
31,57,45,24,66,68,87,63,35,#
31,75,20,7,93,21,37,19,11,#
25,41,26,88,83,10,98,36,12,#
11,46,6,72,30,58,31,16,40,#
67,80,15,20,4,29,1,91,26,#
31,6,19,96,87,59,99,12,35,#
21,28,3,40,3,49,22,26,68,#
41,88,49,87,65,56,54,57,47,#
9,11,90,52,66,68,85,59,35,#
37,67,13,65,28,4,2,60,14,#
8,18,97,61,57,79,65,93,24,#
14,10,24,31,71,29,38,75,11,#
22,77,72,83,47,79,76,84,54,#
41,69,86,26,46,40,99,47,93,#
11,61,43,31,95,23,95,40,18,#
28,15,1,88,15,3,85,84,35,#
9,72,68,17,48,15,97,84,27,#
25,28,48,92,81,91,25,77,26,#
35,88,88,29,82,63,61,36,1,#
27,90,3,85,14,34,83,42,13,#
12,60,60,31,6,19,98,95,27,#
40,50,73,53,32,4,36,8,31,#
72,20,12,83,16,19,61,60,16,#
20,7,64,93,61,40,22,23,34,#
1,23,32,32,5,38,60,87,11,#
73,82,4,37,17,41,22,20,39,#
3,18,51,29,4,77,17,63,54,#
78,76,55,73,73,10,59,75,10,#
86,67,32,15,64,55,75,2,63,#
70,10,61,67,46,4,30,22,68,#
21,53,18,81,56,13,42,7,24,#
77,96,67,87,61,59,24,12,54,#
82,66,73,55,66,24,9,3,90,#
45,28,99,17,85,16,87,36,91,#
61,64,8,50,26,45,79,66,84,#
63,29,100,63,20,21,47,26,28,#
8,80,28,72,89,100,68,37,8,#
10,73,27,65,20,26,95,49,3,#
24,70,30,3,77,53,59,89,62,#
51,4,9,52,11,80,79,86,45,#
58,77,54,100,88,35,46,64,74,#
50,90,41,47,50,76,86,91,46,#
58,84,30,52,97,83,38,83,50,#
70,54,98,43,33,97,32,6,50,#
66,18,9,81,44,31,85,26,27,#
37,89,45,88,18,2,53,72,90,#
78,73,42,87,76,10,8,14,84,#
46,39,9,44,92,35,45,5,100,#
94,41,53,7,19,7,28,71,2,#
38,88,77,80,96,3,10,93,15,#
30,82,71,14,54,94,97,84,8,#
31,84,62,29,52,62,92,88,36,#
57,20,1,11,98,96,86,4,4,#
24,86,62,98,50,24,97,14,18,#
54,48,58,23,76,83,22,48,16,#
68,88,61,75,6,8,48,94,33,#
82,42,33,70,55,41,37,26,39,#
72,68,37,97,3,13,16,4,78,#
44,89,26,11,92,47,39,45,2,#
2,6,76,32,71,19,34,23,2,#
64,76,76,77,4,39,29,79,34,#
32,8,26,45,69,42,78,25,36,#
8,44,60,60,67,1,97,14,86,#
100,65,42,40,40,48,79,81,67,#
68,89,20,98,99,62,44,84,29,#
91,71,40,23,58,16,48,74,84,#
69,99,95,9,7,22,36,96,95,#
64,51,17,38,10,5,46,10,4,#
93,98,47,25,64,17,99,70,44,#
19,5,86,95,32,14,55,15,56,#
55,28,41,20,54,84,37,59,77,#
76,72,54,45,92,60,52,51,26,#
69,35,9,77,88,7,46,86,70,#
96,85,42,78,48,50,26,90,55,#
89,91,36,9,40,19,27,81,2,#
88,25,88,84,97,58,88,77,35,#
83,44,27,88,96,62,60,100,64,#
81,85,21,21,93,78,59,50,27,#
39,6,87,38,8,54,27,63,91,#
1,52,68,58,74,46,43,12,92,#
51,74,67,34,75,99,80,6,32,#
12,42,1,59,62,16,27,2,83,#
24,21,37,100,55,66,77,42,12,#
17,67,77,98,78,35,58,35,29,#
56,86,11,77,4,96,22,38,79,#
57,64,70,26,64,64,42,17,70,#
77,43,55,32,44,38,79,29,36,#
50,54,72,73,75,9,40,4,35,#
50,71,14,1,92,67,94,31,37,#
64,44,21,45,97,9,27,70,9,#
87,22,87,2,93,12,23,34,32,#
10,75,50,81,69,47,15,83,54,#
52,49,17,32,79,60,5,68,21,#
63,97,87,57,44,41,64,44,39,#
33,85,57,4,98,19,22,9,47,#
20,39,81,10,31,70,41,58,27,#
40,49,67,90,85,20,28,79,10,#
78,70,75,10,33,62,39,22,62,#
74,51,83,39,89,84,98,73,100,#
48,36,97,78,95,81,66,65,54,#
14,54,1,89,57,89,98,22,16,#
46,48,21,87,16,44,27,11,24,#
51,98,39,91,6,87,64,65,1,#
28,77,26,34,1,78,63,88,53,#
49,1,53,87,16,21,39,43,4,#
9,49,28,23,21,98,31,1,23,#
99,48,61,6,61,61,85,26,92,#
68,39,44,12,82,61,8,71,99,#
23,46,77,24,75,33,22,37,78,#
94,16,56,61,80,12,14,50,22,#
67,12,45,48,13,3,91,43,49,#
26,21,60,47,57,45,12,46,49,#
73,51,52,43,11,60,53,48,59,#
41,57,92,56,88,40,78,24,34,#
57,34,11,57,70,85,23,27,22,#
29,83,76,82,50,41,98,54,6,#
54,27,88,21,23,82,85,70,27,#
71,21,53,28,82,62,31,25,36,#
48,18,28,7,68,25,13,26,8,#
74,34,72,31,23,63,27,82,51,#
66,70,36,73,14,80,12,32,8,#
14,56,54,31,91,69,4,83,71,#
91,2,54,81,42,77,5,55,59,#
49,48,44,3,60,18,41,7,71,#
69,4,79,39,22,7,17,91,55,#
77,78,32,29,7,3,66,50,83,#
49,75,53,80,16,57,24,10,15,#
91,92,20,34,95,91,89,88,43,#
19,39,67,63,46,13,62,25,14,#
30,46,25,54,50,7,75,40,61,#
13,11,83,64,16,25,33,47,17,#
7,48,52,8,94,98,70,38,78,#
84,45,99,21,63,84,8,13,68,#
73,43,52,37,86,47,91,93,13,#
12,60,57,7,36,39,78,22,49,#
53,92,97,36,94,94,66,66,31,#
57,69,45,52,39,18,77,32,44,#
83,62,74,43,26,19,47,10,80,#
91,73,73,76,30,75,35,35,92,#
60,11,71,89,24,54,28,88,92,#
60,83,9,27,79,78,97,93,78,#
9,75,80,89,34,12,25,32,32,#
46,97,34,23,59,43,83,96,80,#
51,79,27,71,37,46,82,73,89,#
9,63,24,58,78,94,46,22,28,#
4,59,39,61,97,70,17,83,57,#
26,43,46,86,53,97,15,3,83,#
95,21,2,29,52,66,69,86,88,#
50,14,90,54,86,29,17,69,95,#
65,62,8,84,12,21,71,4,63,#
13,78,73,65,28,15,20,13,48,#
46,100,68,66,48,12,67,42,79,#
23,5,77,66,28,89,70,34,98,#
34,17,21,25,88,36,73,8,71,#
80,83,27,5,35,55,98,35,75,#
66,24,89,58,20,87,82,28,8,#
2,34,18,12,57,29,16,52,96,#
36,64,10,98,22,50,36,26,13,#
40,7,20,83,3,26,70,35,66,#
64,27,4,30,13,21,75,65,32,#
23,24,65,98,84,27,32,82,24,#
13,91,66,38,59,97,2,93,70,#
77,8,11,17,95,85,36,54,81,#
84,73,35,13,11,26,23,48,54,#
57,38,65,29,58,98,88,13,28,#
100,79,35,14,53,46,64,68,29,#
61,16,17,2,53,17,9,14,21,#
93,24,7,95,5,94,74,59,100,#
23,11,20,3,8,82,71,78,32,#
50,58,38,92,44,41,95,82,84,#
61,26,6,4,85,24,55,25,68,#
34,48,74,41,32,84,35,54,54,#
89,27,83,17,89,31,67,78,65,#
82,44,78,54,76,28,98,28,96,#
41,6,26,86,91,28,64,88,34,#
100,62,97,84,65,15,77,82,68,#
35,48,79,46,62,83,39,98,21,#
11,71,65,18,11,40,33,9,47,#
43,54,1,11,21,58,27,32,65,#
33,30,56,51,6,65,89,32,78,#
58,46,96,44,52,96,72,53,10,#
92,3,80,71,55,100,43,90,41,#
52,61,19,26,76,10,53,15,71,#
63,52,88,31,28,7,59,37,9,#
59,72,66,15,11,37,52,83,50,#
54,73,53,33,8,77,8,85,14,#
32,53,12,12,76,78,98,58,71,#
41,27,8,1,18,78,35,1,79,#
77,56,72,14,12,40,63,88,6,#
97,22,92,93,50,91,52,91,70,#
20,2,34,31,2,100,26,1,53,#
1,67,67,35,83,76,40,85,87,#
23,88,12,2,61,34,68,61,67,#
78,17,9,31,65,92,29,56,80,#
77,62,77,62,46,52,95,43,69,#
37,46,23,25,73,13,76,4,22,#
68,8,31,5,62,30,53,66,95,#
22,81,95,90,16,56,100,48,100,#
50,64,16,3,66,33,61,48,100,#
100,6,72,57,64,92,3,57,52,#
33,68,74,54,41,74,71,70,20,#
29,38,96,67,59,2,64,33,37,#
69,68,47,10,72,24,11,95,84,#
15,84,56,6,47,13,39,83,34,#
8,69,65,73,58,30,5,98,4,#
7,24,82,9,21,7,46,36,61,#
97,85,76,10,97,20,42,90,2,#
97,87,49,81,10,79,98,96,100,#
89,4,47,33,56,49,100,27,84,#
42,38,8,98,21,20,40,75,75,#
61,90,58,31,15,32,16,43,35,#
92,49,16,22,38,45,31,39,32,#
46,25,91,40,59,58,18,69,41,#
15,76,81,1,62,68,78,81,62,#
42,36,83,83,27,27,63,19,29,#
67,13,55,69,43,95,13,59,38,#
59,82,53,64,88,65,11,54,25,#
32,53,36,27,76,28,54,44,27,#
14,18,94,41,4,61,55,36,33,#
99,4,13,61,7,44,41,30,55,#
63,26,13,5,2,40,28,51,72,#
14,57,72,23,82,17,60,3,43,#
100,31,19,50,25,66,80,17,10,#
17,96,8,28,79,72,72,10,12,#
93,28,56,91,1,96,2,77,48,#
98,45,68,84,13,49,46,14,45,#
92,13,54,41,70,24,1,19,57,#
21,47,77,91,52,58,39,19,9,#
76,22,90,14,66,84,78,38,80,#
4,17,96,42,55,17,41,54,55,#
76,15,56,3,25,54,65,8,14,#
52,46,96,12,74,48,82,98,5,#
3,64,7,87,68,90,38,91,57,#
65,35,63,14,57,29,29,19,21,#
42,70,76,34,100,48,95,12,47,#
46,84,73,12,9,48,83,97,85,#
33,81,59,62,59,83,80,70,8,#
50,3,97,60,18,15,22,59,18,#
79,90,54,76,8,18,84,42,38,#
88,22,54,76,92,49,74,58,33,#
85,34,37,44,94,33,36,83,13,#
84,1,8,12,16,99,100,61,7,#
34,59,96,11,62,78,8,57,52,#
27,80,49,60,67,3,68,80,88,#
87,69,68,8,57,52,58,58,2,#
76,26,87,66,38,83,82,26,25,#
79,97,40,67,79,46,19,27,92,#
65,81,61,84,12,56,17,81,82,#
60,91,57,61,80,70,62,90,3,#
21,1,11,88,1,27,63,66,19,#
60,80,58,22,28,3,17,52,46,#
83,13,58,99,37,53,100,67,57,#
96,65,48,76,69,54,16,19,55,#
24,85,63,83,75,32,57,93,26,#
18,78,33,91,84,76,86,21,83,#
4,45,69,13,2,10,33,61,99,#
6,60,51,15,76,99,78,70,39,#
69,64,50,59,90,72,68,40,9,#
21,31,25,49,37,99,64,27,67,#
53,7,31,66,3,17,4,72,27,#
44,4,22,69,38,80,82,32,86,#
7,73,62,40,38,97,72,36,86,#
92,66,62,33,88,86,61,29,12,#
92,23,13,42,10,50,61,44,83,#
88,19,44,47,41,34,11,44,90,#
72,6,83,13,54,88,14,13,35,#
45,54,95,20,69,1,14,36,48,#
79,60,4,46,34,93,19,60,46,#
77,35,12,91,76,5,21,34,21,#
63,70,93,80,78,15,16,82,67,#
18,89,95,81,77,90,43,39,17,#
50,53,89,38,71,91,77,19,64,#
44,52,84,74,94,56,100,72,67,#
90,62,19,41,26,74,84,97,68,#
68,2,65,16,95,25,30,38,64,#
96,69,10,51,98,28,24,76,78,#
50,87,51,89,10,21,76,70,93,#
68,2,91,92,100,8,47,49,72,#
67,27,100,77,7,48,30,28,52,#
30,53,94,78,26,52,43,65,34,#
42,30,83,41,91,55,65,63,59,#
8,45,76,67,100,81,51,79,77,#
49,40,39,74,93,56,33,36,56,#
10,87,53,56,32,85,73,35,34,#
37,28,4,87,32,54,37,60,78,#
90,44,35,84,72,16,6,57,88,#
89,58,10,63,58,32,36,71,54,#
12,54,23,40,33,13,74,44,87,#
83,22,28,30,63,44,94,43,20,#
97,17,1,20,7,54,12,71,98,#
37,74,16,68,14,30,27,80,51,#
81,93,78,90,68,13,55,34,61,#
21,85,31,75,93,97,36,51,90,#
55,10,55,60,48,98,48,59,94,#
87,34,81,62,9,4,97,40,26,#
64,70,33,93,16,87,57,2,92,#
94,12,1,22,75,66,8,75,87,#
57,50,34,16,23,23,4,13,12,#
78,82,58,9,85,63,75,97,10,#
38,97,42,40,59,92,26,56,6,#
71,9,51,37,15,33,82,87,19,#
41,98,52,46,43,100,23,61,17,#
15,79,14,82,44,41,20,53,96,#
27,11,21,72,9,85,57,82,70,#
14,26,69,59,46,61,31,79,64,#
46,59,17,37,35,59,32,13,66,#
52,38,10,48,29,26,29,45,17,#
77,71,39,58,89,27,74,41,94,#
49,49,15,61,71,3,45,19,15,#
52,36,12,75,54,60,71,2,51,#
19,91,39,38,34,29,60,60,57,#
5,96,59,63,39,7,71,8,5,#
34,88,70,88,2,70,79,32,96,#
47,95,89,20,21,46,66,70,91,#
13,49,97,62,62,22,93,89,27,#
17,68,99,42,10,46,70,96,56,#
18,89,17,2,26,56,39,52,5,#
53,98,43,96,71,9,31,93,74,#
36,87,93,14,56,12,60,56,67,#
15,83,47,46,54,71,82,100,94,#
53,24,54,25,71,68,39,37,34,#
3,50,63,10,55,16,77,21,48,#
88,18,41,74,29,8,19,84,36,#
81,47,5,91,75,38,22,93,79,#
40,34,24,82,8,26,20,98,12,#
54,20,62,28,45,82,60,83,52,#
29,83,30,86,21,63,75,41,15,#
48,14,70,12,76,45,29,34,67,#
43,93,88,15,75,90,7,93,54,#
46,90,11,28,67,99,78,18,75,#
32,26,30,31,52,44,74,57,5,#
86,51,55,53,41,54,98,42,96,#
53,21,4,95,57,30,1,68,61,#
82,79,81,3,74,12,28,89,59,#
98,80,45,89,40,40,85,37,10,#
60,22,73,16,94,46,58,74,33,#
76,63,8,100,42,47,2,92,19,#
60,14,71,23,28,44,64,19,70,#
47,92,30,28,17,61,58,39,90,#
34,35,98,22,27,9,43,31,10,#
61,84,4,6,83,77,59,80,34,#
56,15,49,57,77,43,80,41,71,#
64,97,90,64,23,61,63,17,9,#
90,52,19,50,33,87,51,1,83,#
85,39,92,5,7,78,100,32,19,#
13,19,77,97,88,100,27,66,77,#
54,34,72,81,65,13,24,48,92,#
3,49,16,19,12,21,21,51,45,#
39,56,19,81,17,15,36,74,95,#
24,47,48,77,16,45,27,12,75,#
96,6,44,65,53,99,90,75,12,#
31,47,34,44,19,4,9,39,84,#
95,30,68,47,8,84,69,52,44,#
88,79,59,17,13,39,86,55,63,#
84,34,65,65,42,42,79,52,98,#
51,94,19,74,49,40,62,94,8,#
29,3,28,5,91,6,7,96,36,#
29,66,74,34,32,62,48,37,39,#
18,15,42,50,63,99,18,92,91,#
34,51,50,25,11,94,53,20,8,#
74,72,47,60,46,7,99,48,78,#
55,58,68,30,61,65,79,97,23,#
53,84,42,48,50,95,32,18,93,#
52,57,71,71,89,35,83,28,22,#
59,68,53,33,39,44,48,15,100,#
52,92,85,91,63,73,60,45,64,#
47,84,99,13,45,17,94,55,1,#
92,18,60,8,8,100,3,80,85,#
18,37,43,99,2,80,12,27,16,#
33,8,49,15,2,98,41,81,25,#
86,90,88,28,30,99,96,99,56,#
40,29,8,26,85,53,49,76,69,#
96,23,78,74,43,46,82,82,80,#
39,67,6,11,56,59,81,71,4,#
65,10,69,34,60,67,85,81,48,#
91,32,19,93,55,95,97,61,77,#
39,17,57,15,13,97,10,86,39,#
79,6,83,11,54,16,19,22,92,#
21,31,51,39,97,71,58,5,87,#
10,56,91,100,62,52,71,53,2,#
94,66,87,83,91,74,56,20,15,#
68,47,9,13,94,74,26,74,13,#
8,87,87,26,97,3,53,28,68,#
87,68,50,23,1,70,28,94,75,#
41,56,84,17,31,62,80,5,71,#
9,20,27,52,62,76,6,44,32,#
36,99,96,66,14,83,4,42,100,#
10,28,24,72,51,30,39,63,8,#
7,70,57,85,3,10,6,15,62,#
97,15,85,44,32,60,70,68,83,#
85,95,28,18,99,52,91,31,32,#
65,97,54,92,6,50,12,24,85,#
81,33,40,87,97,1,39,54,68,#
77,84,75,50,23,88,14,75,89,#
30,34,73,60,96,11,11,79,49,#
46,48,76,59,99,43,53,30,59,#
72,41,10,88,21,81,22,59,48,#
45,41,57,24,53,50,31,10,62,#
76,35,84,60,82,82,48,95,100,#
88,79,54,66,41,19,64,14,39,#
57,72,66,22,91,66,75,98,95,#
11,83,91,65,47,52,96,81,94,#
11,75,17,41,38,29,71,97,51,#
32,47,94,65,91,8,68,94,56,#
89,52,48,7,36,16,8,48,33,#
47,29,79,52,69,30,96,83,16,#
12,86,44,16,13,29,45,12,78,#
92,77,7,28,12,5,41,92,80,#
62,40,68,9,74,87,86,97,8,#
52,2,19,38,36,67,6,78,39,#
30,40,61,63,33,30,5,61,91,#
88,3,11,20,27,84,75,82,91,#
1,30,64,14,81,8,11,27,72,#
9,98,79,64,61,95,52,24,63,#
29,97,26,47,81,49,94,64,16,#
79,62,35,66,56,16,67,38,87,#
94,65,21,76,49,66,17,30,26,#
23,60,86,54,72,93,61,50,35,#
42,72,95,79,95,73,73,8,23,#
65,88,53,10,79,9,79,64,71,#
83,94,47,97,2,12,27,44,98,#
91,26,31,49,86,21,91,7,41,#
47,27,75,18,6,93,13,42,89,#
2,95,87,37,53,24,4,28,63,#
30,57,73,82,28,24,58,52,97,#
65,43,60,24,19,95,94,16,81,#
15,14,95,65,86,63,37,92,29,#
77,16,87,99,41,79,1,85,47,#
23,41,84,18,28,2,16,95,65,#
35,52,24,38,94,14,98,76,73,#
71,86,40,44,72,27,38,36,66,#
42,39,67,44,28,12,72,96,46,#
89,20,69,81,11,92,25,40,85,#
69,50,21,24,25,53,24,82,82,#
31,90,62,64,21,67,75,18,43,#
30,85,61,10,19,38,9,48,69,#
33,76,99,48,81,72,94,75,42,#
45,28,10,43,100,71,10,12,58,#
77,27,53,82,25,46,3,33,85,#
2,31,66,93,47,15,27,76,71,#
45,64,65,31,54,47,22,90,21,#
1,40,17,8,96,66,30,15,48,#
74,20,98,30,64,85,21,24,27,#
12,72,98,29,33,58,16,54,9,#
24,100,33,24,79,45,9,89,36,#
59,17,43,54,32,13,14,25,65,#
23,80,21,90,81,24,86,3,85,#
92,99,11,97,76,53,88,52,65,#
47,81,74,13,84,7,79,93,69,#
17,29,70,51,76,99,1,75,85,#
65,1,83,86,71,76,12,48,8,#
61,81,91,37,16,31,2,11,34,#
26,88,54,18,20,29,76,68,36,#
39,36,88,65,65,66,10,30,75,#
81,62,21,91,14,93,66,78,76,#
13,83,31,25,33,34,22,88,29,#
34,51,62,30,74,95,92,30,13,#
86,19,44,78,3,64,44,36,76,#
44,49,24,34,60,68,98,42,95,#
6,67,33,15,83,34,80,10,25,#
86,5,83,23,71,96,85,36,42,#
35,91,92,27,92,15,16,57,56,#
10,50,41,66,17,85,25,93,99,#
67,24,63,43,66,72,4,23,80,#
67,1,91,17,76,13,87,24,84,#
63,28,50,29,34,55,75,91,40,#
21,64,14,72,71,59,59,79,69,#
78,61,72,64,14,10,2,47,91,#
57,64,60,1,1,67,41,41,1,#
47,52,64,88,58,92,46,34,90,#
16,48,50,22,35,45,63,66,40,#
99,3,71,37,31,23,72,94,5,#
47,41,29,56,66,57,6,11,19,#
39,76,5,58,94,18,89,5,18,#
76,61,48,62,91,30,80,23,52,#
4,54,22,24,85,66,39,46,91,#
4,36,63,96,37,3,10,85,36,#
100,29,51,89,85,93,64,55,95,#
14,40,87,57,83,71,28,94,2,#
64,44,5,35,46,5,16,78,74,#
80,67,37,63,54,88,39,2,9,#
68,64,55,62,71,51,98,37,63,#
17,37,90,9,94,45,73,42,30,#
33,91,48,100,16,16,99,39,64,#
66,15,36,37,19,32,94,15,23,#
58,66,24,90,25,76,72,71,29,#
81,8,55,7,24,34,51,92,8,#
8,43,11,44,88,45,83,30,87,#
59,50,79,55,73,56,1,8,32,#
19,91,92,49,77,22,20,50,16,#
82,87,47,81,46,54,95,73,57,#
61,52,83,48,17,57,52,41,7,#
17,18,40,55,43,90,73,63,26,#
69,34,74,59,54,21,41,74,10,#
81,69,25,53,98,86,17,67,66,#
61,92,23,3,1,60,24,24,8,#
12,54,42,71,6,70,12,28,63,#
5,47,76,48,25,62,4,35,99,#
11,78,19,19,1,73,67,23,9,#
8,47,34,17,45,19,42,71,35,#
77,54,45,5,18,1,69,82,10,#
6,67,32,30,70,40,11,68,61,#
16,55,3,72,19,31,39,65,85,#
90,94,74,37,18,100,89,32,22,#
81,17,66,2,32,67,28,94,27,#
27,11,12,96,9,55,89,5,35,#
4,59,54,26,69,4,50,45,100,#
55,35,6,28,63,39,91,21,6,#
53,22,60,43,57,18,81,66,21,#
75,40,99,77,74,33,2,15,82,#
52,95,35,48,63,57,40,4,89,#
67,78,66,34,62,79,19,14,100,#
2,85,14,8,8,4,9,57,14,#
9,47,61,91,2,12,73,20,56,#
53,8,20,79,98,74,9,26,29,#
60,34,73,91,76,57,42,2,51,#
4,74,51,19,23,11,63,46,58,#
62,97,80,40,79,78,15,30,8,#
30,58,81,10,68,83,8,17,92,#
46,49,2,44,12,68,67,47,21,#
20,2,13,85,60,98,11,21,60,#
100,19,51,53,88,58,11,74,57,#
78,67,9,25,100,36,98,84,69,#
41,99,59,97,22,8,55,83,31,#
43,93,5,47,61,61,91,73,90,#
64,48,71,25,93,81,45,29,29,#
80,28,60,80,80,68,64,43,15,#
41,48,79,25,95,25,75,43,99,#
71,14,66,95,15,7,67,22,100,#
62,98,95,96,12,2,71,72,50,#
53,86,31,3,24,73,79,75,42,#
38,43,52,36,97,74,35,23,13,#
64,32,76,17,1,74,68,42,80,#
72,70,89,26,71,32,54,46,56,#
83,30,76,97,77,54,76,45,93,#
98,95,1,16,95,18,88,70,18,#
60,76,21,62,7,23,26,17,59,#
43,8,25,80,33,49,10,85,81,#
58,6,41,90,90,30,76,76,64,#
20,58,91,21,92,68,63,39,21,#
34,93,76,82,88,45,57,12,56,#
11,82,29,49,96,43,47,42,65,#
40,22,53,1,100,35,36,84,25,#
25,18,41,73,16,27,10,85,31,#
85,29,3,58,52,12,27,67,70,#
87,90,9,96,54,40,39,58,85,#
37,34,28,93,6,46,59,31,3,#
2,90,11,19,56,86,34,57,33,#
32,10,67,79,38,70,31,1,56,#
69,82,85,20,60,99,45,32,2,#
55,32,69,74,85,88,53,93,75,#
59,14,24,84,75,74,48,50,98,#
37,64,47,94,32,28,7,31,72,#
26,33,91,57,82,98,50,16,71,#
30,92,61,4,94,45,55,11,77,#
47,4,4,67,38,92,12,4,19,#
20,98,98,3,48,62,26,11,45,#
9,48,1,79,2,42,72,77,96,#
4,23,94,34,99,15,21,49,32,#
34,95,22,9,41,85,43,72,43,#
9,45,50,37,78,30,31,43,28,#
43,83,39,62,96,90,22,83,4,#
74,24,48,79,26,14,53,1,74,#
53,97,2,52,76,10,24,9,96,#
54,93,41,23,51,66,22,65,91,#
40,25,53,52,31,99,28,45,26,#
35,48,1,70,51,91,32,47,32,#
31,93,58,11,19,46,96,74,89,#
49,20,66,72,73,46,45,70,43,#
34,95,63,31,68,79,35,45,96,#
50,55,81,6,50,16,60,51,62,#
42,93,4,60,89,44,70,78,43,#
70,32,55,26,94,80,23,96,60,#
86,60,28,75,80,64,23,90,55,#
35,9,70,6,82,15,38,75,86,#
38,59,61,5,81,45,35,25,41,#
26,15,43,64,13,60,76,62,95,#
72,33,4,80,64,74,99,6,95,#
68,61,9,36,58,40,51,67,71,#
79,79,91,97,3,13,54,40,83,#
